Date & Time,Usage [kW]
1/1/2023 0:00,-0.044493889
1/1/2023 1:00,-0.016648889
1/1/2023 2:00,-0.016687222
1/1/2023 3:00,-0.016703056
1/1/2023 4:00,-0.016623611
1/1/2023 5:00,-0.016558611
1/1/2023 6:00,-0.016604167
1/1/2023 7:00,-0.012586111
1/1/2023 8:00,0.036679167
1/1/2023 9:00,0.095332778
1/1/2023 10:00,0.011601111
1/1/2023 11:00,-0.058607778
1/1/2023 12:00,0.011435
1/1/2023 13:00,-0.069263333
1/1/2023 14:00,0.0369025
1/1/2023 15:00,0.027942222
1/1/2023 16:00,-0.003817778
1/1/2023 17:00,-1.329777222
1/1/2023 18:00,-1.951446111
1/1/2023 19:00,-0.016271389
1/1/2023 20:00,-0.016388889
1/1/2023 21:00,-0.016450278
1/1/2023 22:00,-0.016517222
1/1/2023 23:00,-0.016613333
1/2/2023 0:00,-0.016603333
1/2/2023 1:00,-0.257697778
1/2/2023 2:00,-0.481381111
1/2/2023 3:00,-0.246731944
1/2/2023 4:00,-0.224286944
1/2/2023 5:00,-0.049444167
1/2/2023 6:00,-0.253493611
1/2/2023 7:00,-0.427910833
1/2/2023 8:00,-0.218435
1/2/2023 9:00,-0.212531111
1/2/2023 10:00,-0.115461389
1/2/2023 11:00,0.086448333
1/2/2023 12:00,-0.093765278
1/2/2023 13:00,-0.126438611
1/2/2023 14:00,-0.039297222
1/2/2023 15:00,-0.158804722
1/2/2023 16:00,-0.240848611
1/2/2023 17:00,-0.249208056
1/2/2023 18:00,-0.0168
1/2/2023 19:00,-0.0168525
1/2/2023 20:00,-0.016931667
1/2/2023 21:00,-0.017000833
1/2/2023 22:00,-0.263175
1/2/2023 23:00,-1.153605
1/3/2023 0:00,-0.017035
1/3/2023 1:00,-0.016974167
1/3/2023 2:00,-0.016891944
1/3/2023 3:00,-0.016896667
1/3/2023 4:00,-0.016902222
1/3/2023 5:00,-1.022966667
1/3/2023 6:00,-0.016666389
1/3/2023 7:00,-0.245590278
1/3/2023 8:00,0.0916975
1/3/2023 9:00,-0.241064444
1/3/2023 10:00,-1.940616944
1/3/2023 11:00,-0.01384
1/3/2023 12:00,-0.011335
1/3/2023 13:00,-0.078660833
1/3/2023 14:00,-2.059785
1/3/2023 15:00,-0.475808611
1/3/2023 16:00,0.030000278
1/3/2023 17:00,-0.016424722
1/3/2023 18:00,-0.016500556
1/3/2023 19:00,-0.0166
1/3/2023 20:00,-0.016661111
1/3/2023 21:00,-0.157166667
1/3/2023 22:00,-0.016772778
1/3/2023 23:00,-0.016798889
1/4/2023 0:00,-0.091344722
1/4/2023 1:00,-0.041227222
1/4/2023 2:00,-0.016858333
1/4/2023 3:00,-0.0168475
1/4/2023 4:00,-0.016828611
1/4/2023 5:00,-0.016729167
1/4/2023 6:00,-0.016510556
1/4/2023 7:00,-3.332838611
1/4/2023 8:00,-3.393478056
1/4/2023 9:00,-2.970841944
1/4/2023 10:00,-2.858458889
1/4/2023 11:00,-6.475778333
1/4/2023 12:00,-2.437023333
1/4/2023 13:00,0.049021389
1/4/2023 14:00,0.112721111
1/4/2023 15:00,0.100118889
1/4/2023 16:00,0.015144722
1/4/2023 17:00,-0.016467778
1/4/2023 18:00,-0.016555
1/4/2023 19:00,-0.016676111
1/4/2023 20:00,-0.016742222
1/4/2023 21:00,-0.016736944
1/4/2023 22:00,-0.016752222
1/4/2023 23:00,-0.016767222
1/5/2023 0:00,-0.016907778
1/5/2023 1:00,-0.016886389
1/5/2023 2:00,-0.016885556
1/5/2023 3:00,-0.016874167
1/5/2023 4:00,-0.264776389
1/5/2023 5:00,-0.016688889
1/5/2023 6:00,-0.016595833
1/5/2023 7:00,-0.016584722
1/5/2023 8:00,0.063035556
1/5/2023 9:00,-0.166991944
1/5/2023 10:00,-4.927030556
1/5/2023 11:00,-6.161375556
1/5/2023 12:00,-6.736607778
1/5/2023 13:00,-6.519273333
1/5/2023 14:00,-6.556555556
1/5/2023 15:00,-6.749962778
1/5/2023 16:00,-6.464461111
1/5/2023 17:00,-2.461244167
1/5/2023 18:00,-0.016563056
1/5/2023 19:00,-0.016679167
1/5/2023 20:00,-0.016757222
1/5/2023 21:00,-0.265414722
1/5/2023 22:00,-0.016829444
1/5/2023 23:00,-0.0168775
1/6/2023 0:00,-0.016901111
1/6/2023 1:00,-0.016901111
1/6/2023 2:00,-0.016943889
1/6/2023 3:00,-0.016946944
1/6/2023 4:00,-0.016946667
1/6/2023 5:00,-0.016928611
1/6/2023 6:00,-0.271360278
1/6/2023 7:00,-3.483884444
1/6/2023 8:00,-3.393632222
1/6/2023 9:00,-2.834850278
1/6/2023 10:00,-2.167596667
1/6/2023 11:00,-1.207707778
1/6/2023 12:00,-1.565493056
1/6/2023 13:00,-2.534146667
1/6/2023 14:00,-4.787677778
1/6/2023 15:00,-7.052778889
1/6/2023 16:00,-6.624975556
1/6/2023 17:00,-0.016492778
1/6/2023 18:00,-0.016666944
1/6/2023 19:00,-0.016764167
1/6/2023 20:00,-0.263983333
1/6/2023 21:00,-0.0168075
1/6/2023 22:00,-0.016863056
1/6/2023 23:00,-0.016937222
1/7/2023 0:00,-0.016845
1/7/2023 1:00,-0.016783333
1/7/2023 2:00,-0.016778611
1/7/2023 3:00,-0.016784722
1/7/2023 4:00,-0.016868889
1/7/2023 5:00,-0.271928056
1/7/2023 6:00,-0.0165
1/7/2023 7:00,-0.016608889
1/7/2023 8:00,0.026738889
1/7/2023 9:00,0.049252778
1/7/2023 10:00,-0.021725278
1/7/2023 11:00,-0.030244167
1/7/2023 12:00,0.0400225
1/7/2023 13:00,0.035024167
1/7/2023 14:00,-0.015011389
1/7/2023 15:00,0.027569444
1/7/2023 16:00,-0.016612222
1/7/2023 17:00,-0.016576667
1/7/2023 18:00,-0.0166175
1/7/2023 19:00,-0.016607778
1/7/2023 20:00,-0.016657222
1/7/2023 21:00,-0.016660833
1/7/2023 22:00,-0.016637778
1/7/2023 23:00,-0.016702222
1/8/2023 0:00,-0.016731389
1/8/2023 1:00,-0.016792778
1/8/2023 2:00,-0.016788056
1/8/2023 3:00,-0.016789444
1/8/2023 4:00,-0.016799444
1/8/2023 5:00,-0.016797222
1/8/2023 6:00,-0.016741944
1/8/2023 7:00,-0.011615833
1/8/2023 8:00,0.104456944
1/8/2023 9:00,0.013074444
1/8/2023 10:00,0.018736944
1/8/2023 11:00,0.064026667
1/8/2023 12:00,-0.024346667
1/8/2023 13:00,0.018460556
1/8/2023 14:00,0.066141111
1/8/2023 15:00,0.135565833
1/8/2023 16:00,0.005111111
1/8/2023 17:00,-0.016375556
1/8/2023 18:00,-0.016391667
1/8/2023 19:00,-0.016558056
1/8/2023 20:00,-0.016568611
1/8/2023 21:00,-0.017070556
1/8/2023 22:00,-0.016675
1/8/2023 23:00,-0.016766944
1/9/2023 0:00,-0.016780556
1/9/2023 1:00,-0.016796667
1/9/2023 2:00,-0.016844167
1/9/2023 3:00,-0.0168
1/9/2023 4:00,-0.016718333
1/9/2023 5:00,-0.457166389
1/9/2023 6:00,-5.874255556
1/9/2023 7:00,-3.726241111
1/9/2023 8:00,-0.211070556
1/9/2023 9:00,0.076099444
1/9/2023 10:00,0.092739722
1/9/2023 11:00,0.076342222
1/9/2023 12:00,-0.000764444
1/9/2023 13:00,-0.028330556
1/9/2023 14:00,0.121413889
1/9/2023 15:00,0.140055833
1/9/2023 16:00,0.053350833
1/9/2023 17:00,-0.016411944
1/9/2023 18:00,-0.016604722
1/9/2023 19:00,-0.016736944
1/9/2023 20:00,-0.016785
1/9/2023 21:00,-0.016728611
1/9/2023 22:00,-0.016747222
1/9/2023 23:00,-0.016771944
1/10/2023 0:00,-0.016773333
1/10/2023 1:00,-0.016745556
1/10/2023 2:00,-0.016713333
1/10/2023 3:00,-0.0167675
1/10/2023 4:00,-0.016725833
1/10/2023 5:00,-3.503364444
1/10/2023 6:00,-3.27541
1/10/2023 7:00,-2.113041667
1/10/2023 8:00,-2.986716389
1/10/2023 9:00,0.044299722
1/10/2023 10:00,0.412286389
1/10/2023 11:00,-0.846788333
1/10/2023 12:00,-4.896938889
1/10/2023 13:00,-4.087161111
1/10/2023 14:00,-1.1036125
1/10/2023 15:00,0.077409722
1/10/2023 16:00,0.019476111
1/10/2023 17:00,-0.016246667
1/10/2023 18:00,-0.016286111
1/10/2023 19:00,-0.016365556
1/10/2023 20:00,-0.016389444
1/10/2023 21:00,-0.016379167
1/10/2023 22:00,-0.0163725
1/10/2023 23:00,-0.016421389
1/11/2023 0:00,-0.0164175
1/11/2023 1:00,-0.0164275
1/11/2023 2:00,-0.016442778
1/11/2023 3:00,-0.016455556
1/11/2023 4:00,-0.016352222
1/11/2023 5:00,-0.319806389
1/11/2023 6:00,-6.308924444
1/11/2023 7:00,-1.217573611
1/11/2023 8:00,0.073746389
1/11/2023 9:00,0.065388889
1/11/2023 10:00,0.087676389
1/11/2023 11:00,-0.102281944
1/11/2023 12:00,-3.156043056
1/11/2023 13:00,-3.472594722
1/11/2023 14:00,-3.237488333
1/11/2023 15:00,-1.807845833
1/11/2023 16:00,-0.0158375
1/11/2023 17:00,-0.016054167
1/11/2023 18:00,-0.016063333
1/11/2023 19:00,-0.178465833
1/11/2023 20:00,-0.106631667
1/11/2023 21:00,-0.016140278
1/11/2023 22:00,-0.016164167
1/11/2023 23:00,-0.016239722
1/12/2023 0:00,-0.016220556
1/12/2023 1:00,-0.016274722
1/12/2023 2:00,-0.016349444
1/12/2023 3:00,-0.016354444
1/12/2023 4:00,-0.179389444
1/12/2023 5:00,-3.271569167
1/12/2023 6:00,-3.5919375
1/12/2023 7:00,-3.563060278
1/12/2023 8:00,-1.568202222
1/12/2023 9:00,-0.775441389
1/12/2023 10:00,-1.990590833
1/12/2023 11:00,-0.217390833
1/12/2023 12:00,-0.089471389
1/12/2023 13:00,-2.388214444
1/12/2023 14:00,-2.477071944
1/12/2023 15:00,-6.366527778
1/12/2023 16:00,-1.397544167
1/12/2023 17:00,-0.015871111
1/12/2023 18:00,-0.016044444
1/12/2023 19:00,-0.2052675
1/12/2023 20:00,-0.016903611
1/12/2023 21:00,-0.016891111
1/12/2023 22:00,-0.0170075
1/12/2023 23:00,-0.017080833
1/13/2023 0:00,-0.123532778
1/13/2023 1:00,-0.077039444
1/13/2023 2:00,-0.017108056
1/13/2023 3:00,-0.017095833
1/13/2023 4:00,-0.017065
1/13/2023 5:00,-3.156511667
1/13/2023 6:00,-3.383310833
1/13/2023 7:00,-3.503399722
1/13/2023 8:00,-2.300318056
1/13/2023 9:00,-0.055204722
1/13/2023 10:00,-0.145094444
1/13/2023 11:00,0.092977222
1/13/2023 12:00,-1.844434444
1/13/2023 13:00,-2.603819167
1/13/2023 14:00,-0.073751944
1/13/2023 15:00,0.10775
1/13/2023 16:00,0.026289722
1/13/2023 17:00,-0.017042222
1/13/2023 18:00,-0.017123056
1/13/2023 19:00,-0.017243056
1/13/2023 20:00,-0.017226111
1/13/2023 21:00,-0.017129444
1/13/2023 22:00,-0.017166111
1/13/2023 23:00,-0.017209722
1/14/2023 0:00,-0.017119722
1/14/2023 1:00,-0.017191944
1/14/2023 2:00,-0.017210833
1/14/2023 3:00,-0.145904444
1/14/2023 4:00,-0.017208333
1/14/2023 5:00,-0.017169722
1/14/2023 6:00,-0.0170675
1/14/2023 7:00,-0.017114722
1/14/2023 8:00,0.013736944
1/14/2023 9:00,0.144051389
1/14/2023 10:00,0.142075278
1/14/2023 11:00,0.063905556
1/14/2023 12:00,0.053506667
1/14/2023 13:00,0.065601389
1/14/2023 14:00,0.033696111
1/14/2023 15:00,0.0953975
1/14/2023 16:00,-0.006836944
1/14/2023 17:00,-0.016901667
1/14/2023 18:00,-0.016958611
1/14/2023 19:00,-0.017062222
1/14/2023 20:00,-0.017076111
1/14/2023 21:00,-0.017093056
1/14/2023 22:00,-0.017156667
1/14/2023 23:00,-0.017237778
1/15/2023 0:00,-0.017673333
1/15/2023 1:00,-0.017333056
1/15/2023 2:00,-0.01732
1/15/2023 3:00,-0.017298333
1/15/2023 4:00,-0.017314444
1/15/2023 5:00,-0.017275278
1/15/2023 6:00,-0.017180833
1/15/2023 7:00,-0.0172225
1/15/2023 8:00,0.035605556
1/15/2023 9:00,0.104553611
1/15/2023 10:00,0.14649
1/15/2023 11:00,0.151142778
1/15/2023 12:00,0.112671389
1/15/2023 13:00,0.133759722
1/15/2023 14:00,0.110453333
1/15/2023 15:00,0.060699722
1/15/2023 16:00,-0.006190556
1/15/2023 17:00,-0.016837222
1/15/2023 18:00,-0.016891389
1/15/2023 19:00,-0.016988333
1/15/2023 20:00,-0.017035833
1/15/2023 21:00,-0.017072778
1/15/2023 22:00,-0.0171275
1/15/2023 23:00,-0.017212222
1/16/2023 0:00,-0.017185
1/16/2023 1:00,-0.017225833
1/16/2023 2:00,-0.017241389
1/16/2023 3:00,-0.017269722
1/16/2023 4:00,-0.017299444
1/16/2023 5:00,-0.017216667
1/16/2023 6:00,-0.017105833
1/16/2023 7:00,-0.010352222
1/16/2023 8:00,0.062735278
1/16/2023 9:00,0.068993333
1/16/2023 10:00,0.007389167
1/16/2023 11:00,0.069057222
1/16/2023 12:00,0.071990833
1/16/2023 13:00,0.019852778
1/16/2023 14:00,0.016056111
1/16/2023 15:00,0.060134167
1/16/2023 16:00,0.026430833
1/16/2023 17:00,-0.0168275
1/16/2023 18:00,-0.016951389
1/16/2023 19:00,-0.017036389
1/16/2023 20:00,-0.017101111
1/16/2023 21:00,-0.017133611
1/16/2023 22:00,-0.017229722
1/16/2023 23:00,-0.017273056
1/17/2023 0:00,-0.017317222
1/17/2023 1:00,-0.017365278
1/17/2023 2:00,-0.017393611
1/17/2023 3:00,-0.017407222
1/17/2023 4:00,-0.017405556
1/17/2023 5:00,-2.111287778
1/17/2023 6:00,-6.44841
1/17/2023 7:00,-1.210530278
1/17/2023 8:00,-0.003506944
1/17/2023 9:00,0.032737222
1/17/2023 10:00,-1.497298333
1/17/2023 11:00,-1.403591111
1/17/2023 12:00,-1.073121667
1/17/2023 13:00,-3.762227222
1/17/2023 14:00,-6.464002222
1/17/2023 15:00,-5.128813333
1/17/2023 16:00,-0.019822778
1/17/2023 17:00,-0.016830278
1/17/2023 18:00,-0.016971944
1/17/2023 19:00,-0.0170725
1/17/2023 20:00,-0.017183056
1/17/2023 21:00,-0.017133333
1/17/2023 22:00,-0.017189167
1/17/2023 23:00,-0.3580325
1/18/2023 0:00,-0.017326111
1/18/2023 1:00,-0.017326667
1/18/2023 2:00,-0.017391944
1/18/2023 3:00,-0.017360556
1/18/2023 4:00,-0.017374722
1/18/2023 5:00,-3.586585
1/18/2023 6:00,-3.362393056
1/18/2023 7:00,-3.377091389
1/18/2023 8:00,-2.473405278
1/18/2023 9:00,-2.479685833
1/18/2023 10:00,-1.815174722
1/18/2023 11:00,-1.184575833
1/18/2023 12:00,-1.048109167
1/18/2023 13:00,-1.904721111
1/18/2023 14:00,-1.693935
1/18/2023 15:00,0.054696111
1/18/2023 16:00,0.052361389
1/18/2023 17:00,-0.016841667
1/18/2023 18:00,-0.016984167
1/18/2023 19:00,-0.017025556
1/18/2023 20:00,-0.017086389
1/18/2023 21:00,-0.0171225
1/18/2023 22:00,-0.017150278
1/18/2023 23:00,-0.017215833
1/19/2023 0:00,-0.017245
1/19/2023 1:00,-0.32649
1/19/2023 2:00,-0.017358889
1/19/2023 3:00,-0.017358611
1/19/2023 4:00,-0.017372778
1/19/2023 5:00,-2.811060278
1/19/2023 6:00,-3.335318333
1/19/2023 7:00,-3.338327222
1/19/2023 8:00,-2.488006389
1/19/2023 9:00,-0.088171111
1/19/2023 10:00,-0.039563056
1/19/2023 11:00,-0.106652222
1/19/2023 12:00,-0.783323889
1/19/2023 13:00,-1.951354444
1/19/2023 14:00,-0.406430278
1/19/2023 15:00,0.135103611
1/19/2023 16:00,0.066728056
1/19/2023 17:00,-0.0168975
1/19/2023 18:00,-0.016975833
1/19/2023 19:00,-0.017104167
1/19/2023 20:00,-0.017205278
1/19/2023 21:00,-0.0171925
1/19/2023 22:00,-0.017298611
1/19/2023 23:00,-0.017385556
1/20/2023 0:00,-0.093977222
1/20/2023 1:00,-0.030939444
1/20/2023 2:00,-0.017508056
1/20/2023 3:00,-0.017590278
1/20/2023 4:00,-0.017644167
1/20/2023 5:00,-3.681148889
1/20/2023 6:00,-3.413583333
1/20/2023 7:00,-3.4961025
1/20/2023 8:00,-1.442461389
1/20/2023 9:00,-0.04645
1/20/2023 10:00,-0.012103333
1/20/2023 11:00,-0.161026389
1/20/2023 12:00,-0.1306925
1/20/2023 13:00,-0.067418333
1/20/2023 14:00,0.025001111
1/20/2023 15:00,0.041988889
1/20/2023 16:00,0.006223611
1/20/2023 17:00,-0.017092778
1/20/2023 18:00,-0.017138333
1/20/2023 19:00,-0.017195
1/20/2023 20:00,-0.0173425
1/20/2023 21:00,-0.017314722
1/20/2023 22:00,-0.017333889
1/20/2023 23:00,-0.017391667
1/21/2023 0:00,-0.017439444
1/21/2023 1:00,-0.017546389
1/21/2023 2:00,-0.017559167
1/21/2023 3:00,-0.017564722
1/21/2023 4:00,-0.017608611
1/21/2023 5:00,-0.017568056
1/21/2023 6:00,-0.017471944
1/21/2023 7:00,-0.010710278
1/21/2023 8:00,0.042985
1/21/2023 9:00,0.043841389
1/21/2023 10:00,0.414869167
1/21/2023 11:00,1.814597778
1/21/2023 12:00,1.777778611
1/21/2023 13:00,1.5028625
1/21/2023 14:00,0.5715475
1/21/2023 15:00,0.036606944
1/21/2023 16:00,0.014002778
1/21/2023 17:00,-0.016807222
1/21/2023 18:00,-0.016984167
1/21/2023 19:00,-0.017178333
1/21/2023 20:00,-0.017204167
1/21/2023 21:00,-0.017162778
1/21/2023 22:00,-0.017275
1/21/2023 23:00,-0.01734
1/22/2023 0:00,-0.017375278
1/22/2023 1:00,-0.017423611
1/22/2023 2:00,-0.017520833
1/22/2023 3:00,-0.017546111
1/22/2023 4:00,-0.017541667
1/22/2023 5:00,-0.017536111
1/22/2023 6:00,-0.017408333
1/22/2023 7:00,-0.004614167
1/22/2023 8:00,0.074024167
1/22/2023 9:00,0.465890833
1/22/2023 10:00,1.149819167
1/22/2023 11:00,1.640047778
1/22/2023 12:00,1.884451111
1/22/2023 13:00,1.7131475
1/22/2023 14:00,0.482865833
1/22/2023 15:00,0.040880278
1/22/2023 16:00,0.007567222
1/22/2023 17:00,-0.016893056
1/22/2023 18:00,-0.016926389
1/22/2023 19:00,-0.016985278
1/22/2023 20:00,-0.017026944
1/22/2023 21:00,-0.017062778
1/22/2023 22:00,-0.017178333
1/22/2023 23:00,-0.017227222
1/23/2023 0:00,-0.017252222
1/23/2023 1:00,-0.017253333
1/23/2023 2:00,-0.017252778
1/23/2023 3:00,-0.017304167
1/23/2023 4:00,-0.017295556
1/23/2023 5:00,-0.427550833
1/23/2023 6:00,-3.816398611
1/23/2023 7:00,-1.640056111
1/23/2023 8:00,-0.041297222
1/23/2023 9:00,0.038190278
1/23/2023 10:00,-4.176997222
1/23/2023 11:00,-5.503333333
1/23/2023 12:00,-2.022268611
1/23/2023 13:00,-2.5105575
1/23/2023 14:00,-3.507070278
1/23/2023 15:00,-6.47023
1/23/2023 16:00,-0.555379167
1/23/2023 17:00,-0.017011389
1/23/2023 18:00,-0.017013333
1/23/2023 19:00,-0.017129444
1/23/2023 20:00,-0.215113333
1/23/2023 21:00,-0.017146944
1/23/2023 22:00,-0.017249722
1/23/2023 23:00,-0.017314167
1/24/2023 0:00,-0.017368056
1/24/2023 1:00,-0.017381111
1/24/2023 2:00,-0.017358889
1/24/2023 3:00,-0.197343056
1/24/2023 4:00,-0.017340833
1/24/2023 5:00,-4.058073611
1/24/2023 6:00,-3.592543056
1/24/2023 7:00,-3.435434167
1/24/2023 8:00,-1.487879722
1/24/2023 9:00,0.003155
1/24/2023 10:00,-0.712397222
1/24/2023 11:00,-1.374787778
1/24/2023 12:00,-2.661526667
1/24/2023 13:00,-2.508658333
1/24/2023 14:00,-5.478216667
1/24/2023 15:00,0.035564167
1/24/2023 16:00,-0.129919444
1/24/2023 17:00,-0.016847778
1/24/2023 18:00,-0.017005
1/24/2023 19:00,-0.017154167
1/24/2023 20:00,-0.017181389
1/24/2023 21:00,-0.047464444
1/24/2023 22:00,-0.184534444
1/24/2023 23:00,-0.017239167
1/25/2023 0:00,-0.098330556
1/25/2023 1:00,-0.020074167
1/25/2023 2:00,-0.017305556
1/25/2023 3:00,-0.017291944
1/25/2023 4:00,-0.017207222
1/25/2023 5:00,-4.473851389
1/25/2023 6:00,-6.559285556
1/25/2023 7:00,-1.282669444
1/25/2023 8:00,0.01118
1/25/2023 9:00,-0.002196667
1/25/2023 10:00,-4.390679722
1/25/2023 11:00,-4.650923611
1/25/2023 12:00,-3.524683611
1/25/2023 13:00,-0.034729167
1/25/2023 14:00,0.09879
1/25/2023 15:00,0.045901944
1/25/2023 16:00,-0.148167222
1/25/2023 17:00,-0.015303889
1/25/2023 18:00,-0.016891389
1/25/2023 19:00,-0.01699
1/25/2023 20:00,-0.017082778
1/25/2023 21:00,-0.0171025
1/25/2023 22:00,-0.017118333
1/25/2023 23:00,-0.017113611
1/26/2023 0:00,-0.017137222
1/26/2023 1:00,-0.017171667
1/26/2023 2:00,-0.017625
1/26/2023 3:00,-0.017235556
1/26/2023 4:00,-0.017170278
1/26/2023 5:00,-2.991170833
1/26/2023 6:00,-3.423368889
1/26/2023 7:00,-3.441298889
1/26/2023 8:00,-2.135822222
1/26/2023 9:00,-0.062328889
1/26/2023 10:00,-0.0266875
1/26/2023 11:00,-0.075392222
1/26/2023 12:00,-0.196830833
1/26/2023 13:00,-0.186616389
1/26/2023 14:00,0.051463889
1/26/2023 15:00,0.046288333
1/26/2023 16:00,0.014218611
1/26/2023 17:00,-0.016901389
1/26/2023 18:00,-0.017021944
1/26/2023 19:00,-0.017166944
1/26/2023 20:00,-0.017252222
1/26/2023 21:00,-0.017184444
1/26/2023 22:00,-0.017246944
1/26/2023 23:00,-0.017285278
1/27/2023 0:00,-0.017315833
1/27/2023 1:00,-0.017304444
1/27/2023 2:00,-0.017333611
1/27/2023 3:00,-0.017308889
1/27/2023 4:00,-0.01727
1/27/2023 5:00,-1.470249167
1/27/2023 6:00,-3.490552222
1/27/2023 7:00,-3.456722222
1/27/2023 8:00,-2.682101389
1/27/2023 9:00,-0.113731389
1/27/2023 10:00,-0.037018611
1/27/2023 11:00,-0.273429722
1/27/2023 12:00,-5.312125
1/27/2023 13:00,-3.063643889
1/27/2023 14:00,-2.235541389
1/27/2023 15:00,0.112000833
1/27/2023 16:00,0.034595278
1/27/2023 17:00,-0.016975
1/27/2023 18:00,-0.017047222
1/27/2023 19:00,-0.017210278
1/27/2023 20:00,-0.017265833
1/27/2023 21:00,-0.017261944
1/27/2023 22:00,-0.017290833
1/27/2023 23:00,-0.281458611
1/28/2023 0:00,-0.017236944
1/28/2023 1:00,-0.017367222
1/28/2023 2:00,-0.017433056
1/28/2023 3:00,-0.017402778
1/28/2023 4:00,-0.017347778
1/28/2023 5:00,-0.017336667
1/28/2023 6:00,-0.017213056
1/28/2023 7:00,-0.005489167
1/28/2023 8:00,-0.180493611
1/28/2023 9:00,0.0298975
1/28/2023 10:00,-0.008347778
1/28/2023 11:00,-0.092505278
1/28/2023 12:00,-0.082799722
1/28/2023 13:00,-0.0528525
1/28/2023 14:00,0.077136389
1/28/2023 15:00,0.058840556
1/28/2023 16:00,0.022256944
1/28/2023 17:00,-0.016969444
1/28/2023 18:00,-0.017185
1/28/2023 19:00,-0.017328333
1/28/2023 20:00,-0.017375278
1/28/2023 21:00,-0.017359167
1/28/2023 22:00,-0.0172975
1/28/2023 23:00,-0.017317222
1/29/2023 0:00,-0.017278056
1/29/2023 1:00,-0.017299722
1/29/2023 2:00,-0.017288056
1/29/2023 3:00,-0.017187778
1/29/2023 4:00,-0.017128889
1/29/2023 5:00,-0.017086944
1/29/2023 6:00,-0.017193889
1/29/2023 7:00,0.005405833
1/29/2023 8:00,0.122896389
1/29/2023 9:00,0.034259444
1/29/2023 10:00,0.053355
1/29/2023 11:00,0.100245833
1/29/2023 12:00,0.590969444
1/29/2023 13:00,0.561276111
1/29/2023 14:00,0.132858056
1/29/2023 15:00,0.086761111
1/29/2023 16:00,-0.009286389
1/29/2023 17:00,-0.017061111
1/29/2023 18:00,-0.017076389
1/29/2023 19:00,-0.017148333
1/29/2023 20:00,-0.017194444
1/29/2023 21:00,-0.017244722
1/29/2023 22:00,-0.017300833
1/29/2023 23:00,-0.017360278
1/30/2023 0:00,-0.017363333
1/30/2023 1:00,-0.017436111
1/30/2023 2:00,-0.017471667
1/30/2023 3:00,-0.017503889
1/30/2023 4:00,-0.017527778
1/30/2023 5:00,-0.017425278
1/30/2023 6:00,-0.110655556
1/30/2023 7:00,-0.142123056
1/30/2023 8:00,-0.776210833
1/30/2023 9:00,-2.529415556
1/30/2023 10:00,-1.640113611
1/30/2023 11:00,-1.160726111
1/30/2023 12:00,-2.807443611
1/30/2023 13:00,-0.0302875
1/30/2023 14:00,-0.011496389
1/30/2023 15:00,0.053753611
1/30/2023 16:00,0.019736111
1/30/2023 17:00,-0.0164275
1/30/2023 18:00,-0.016986944
1/30/2023 19:00,-0.017104167
1/30/2023 20:00,-0.017256111
1/30/2023 21:00,-0.017257222
1/30/2023 22:00,-0.01729
1/30/2023 23:00,-0.017396111
1/31/2023 0:00,-0.017431667
1/31/2023 1:00,-0.017468056
1/31/2023 2:00,-0.017481944
1/31/2023 3:00,-0.017515
1/31/2023 4:00,-0.017454167
1/31/2023 5:00,-0.017274722
1/31/2023 6:00,-0.060088889
1/31/2023 7:00,-3.067624722
1/31/2023 8:00,-3.560282778
1/31/2023 9:00,-2.53012
1/31/2023 10:00,-1.7936575
1/31/2023 11:00,-1.508644444
1/31/2023 12:00,-1.175396389
1/31/2023 13:00,-1.034067778
1/31/2023 14:00,0.019299444
1/31/2023 15:00,0.049881944
1/31/2023 16:00,0.018369444
1/31/2023 17:00,-0.016470278
1/31/2023 18:00,-0.016843611
1/31/2023 19:00,-0.016991111
1/31/2023 20:00,-0.017152222
1/31/2023 21:00,-0.017118889
1/31/2023 22:00,-0.017189722
1/31/2023 23:00,-0.01729
2/1/2023 0:00,-0.017338333
2/1/2023 1:00,-0.017317778
2/1/2023 2:00,-0.017352778
2/1/2023 3:00,-0.017376389
2/1/2023 4:00,-0.017325833
2/1/2023 5:00,-3.369860278
2/1/2023 6:00,-3.5745975
2/1/2023 7:00,-3.589679722
2/1/2023 8:00,-1.997376944
2/1/2023 9:00,-0.079450833
2/1/2023 10:00,-1.482113889
2/1/2023 11:00,-1.420074444
2/1/2023 12:00,-1.673239167
2/1/2023 13:00,-1.674495556
2/1/2023 14:00,-2.399109444
2/1/2023 15:00,-3.853913889
2/1/2023 16:00,0.088551944
2/1/2023 17:00,-0.001719722
2/1/2023 18:00,-0.016831111
2/1/2023 19:00,-0.243769167
2/1/2023 20:00,-0.03668
2/1/2023 21:00,-0.017116389
2/1/2023 22:00,-0.017245833
2/1/2023 23:00,-0.017208611
2/2/2023 0:00,-0.017242222
2/2/2023 1:00,-0.017244722
2/2/2023 2:00,-0.017318611
2/2/2023 3:00,-0.017356111
2/2/2023 4:00,-0.224956111
2/2/2023 5:00,-0.070998889
2/2/2023 6:00,-0.017335278
2/2/2023 7:00,0.026311389
2/2/2023 8:00,0.141895
2/2/2023 9:00,-3.028676667
2/2/2023 10:00,-2.998805833
2/2/2023 11:00,-3.054595556
2/2/2023 12:00,-4.831013333
2/2/2023 13:00,-5.668322222
2/2/2023 14:00,-5.988114444
2/2/2023 15:00,-8.616463333
2/2/2023 16:00,-6.611195
2/2/2023 17:00,-0.016356389
2/2/2023 18:00,-0.089356944
2/2/2023 19:00,-0.153016111
2/2/2023 20:00,-0.0169075
2/2/2023 21:00,-0.016902778
2/2/2023 22:00,-0.141643056
2/2/2023 23:00,-0.01707
2/3/2023 0:00,-0.017098889
2/3/2023 1:00,-0.017123056
2/3/2023 2:00,-0.017135556
2/3/2023 3:00,-0.017177778
2/3/2023 4:00,-0.017148611
2/3/2023 5:00,-4.464322778
2/3/2023 6:00,-4.792368889
2/3/2023 7:00,-3.103916111
2/3/2023 8:00,-0.154228889
2/3/2023 9:00,0.210756111
2/3/2023 10:00,0.277637222
2/3/2023 11:00,0.027528611
2/3/2023 12:00,-1.476864444
2/3/2023 13:00,0.081510278
2/3/2023 14:00,0.122160556
2/3/2023 15:00,0.101809722
2/3/2023 16:00,0.049358333
2/3/2023 17:00,-0.016975
2/3/2023 18:00,-0.017035556
2/3/2023 19:00,-0.017089722
2/3/2023 20:00,-0.017025556
2/3/2023 21:00,-0.016999167
2/3/2023 22:00,-0.016991111
2/3/2023 23:00,-0.017039167
2/4/2023 0:00,-0.017058333
2/4/2023 1:00,-0.017148056
2/4/2023 2:00,-0.017203333
2/4/2023 3:00,-0.017266389
2/4/2023 4:00,-0.017265833
2/4/2023 5:00,-0.0172
2/4/2023 6:00,-0.017135278
2/4/2023 7:00,0.0262525
2/4/2023 8:00,0.126756667
2/4/2023 9:00,0.032644444
2/4/2023 10:00,0.0521725
2/4/2023 11:00,0.101256944
2/4/2023 12:00,0.068798333
2/4/2023 13:00,0.004896111
2/4/2023 14:00,0.087688889
2/4/2023 15:00,0.068437778
2/4/2023 16:00,0.066027778
2/4/2023 17:00,-0.01486
2/4/2023 18:00,-0.0170425
2/4/2023 19:00,-0.017136389
2/4/2023 20:00,-0.017126389
2/4/2023 21:00,-0.017122778
2/4/2023 22:00,-0.017129444
2/4/2023 23:00,-0.017173611
2/5/2023 0:00,-0.017199444
2/5/2023 1:00,-0.017246667
2/5/2023 2:00,-0.017288333
2/5/2023 3:00,-0.017286389
2/5/2023 4:00,-0.017245278
2/5/2023 5:00,-0.017209444
2/5/2023 6:00,-0.017178056
2/5/2023 7:00,-0.009186389
2/5/2023 8:00,0.073233056
2/5/2023 9:00,0.011018056
2/5/2023 10:00,-0.000247778
2/5/2023 11:00,-0.057219444
2/5/2023 12:00,-0.015836111
2/5/2023 13:00,-0.050927778
2/5/2023 14:00,0.308906389
2/5/2023 15:00,0.282846389
2/5/2023 16:00,0.239323611
2/5/2023 17:00,-0.005664167
2/5/2023 18:00,-0.016948056
2/5/2023 19:00,-0.017071667
2/5/2023 20:00,-0.017095833
2/5/2023 21:00,-0.017159444
2/5/2023 22:00,-0.017235833
2/5/2023 23:00,-0.017436944
2/6/2023 0:00,-0.017429444
2/6/2023 1:00,-0.01748
2/6/2023 2:00,-0.017428333
2/6/2023 3:00,-0.017419167
2/6/2023 4:00,-0.017414722
2/6/2023 5:00,-0.289752778
2/6/2023 6:00,-1.356661667
2/6/2023 7:00,-3.2673425
2/6/2023 8:00,-0.229810556
2/6/2023 9:00,-0.01572
2/6/2023 10:00,-2.577593889
2/6/2023 11:00,-2.501086111
2/6/2023 12:00,-1.862478611
2/6/2023 13:00,-3.535936389
2/6/2023 14:00,-0.004826667
2/6/2023 15:00,0.047791111
2/6/2023 16:00,0.037945556
2/6/2023 17:00,-0.006739722
2/6/2023 18:00,-0.0169775
2/6/2023 19:00,-0.017138333
2/6/2023 20:00,-0.017196111
2/6/2023 21:00,-0.017164167
2/6/2023 22:00,-0.017213333
2/6/2023 23:00,-0.017197222
2/7/2023 0:00,-0.01731
2/7/2023 1:00,-0.017321111
2/7/2023 2:00,-0.017365
2/7/2023 3:00,-0.017393611
2/7/2023 4:00,-0.017353056
2/7/2023 5:00,-4.196994722
2/7/2023 6:00,-6.592920556
2/7/2023 7:00,-1.896497222
2/7/2023 8:00,-0.034160556
2/7/2023 9:00,-0.060431389
2/7/2023 10:00,-0.022263889
2/7/2023 11:00,-0.093195278
2/7/2023 12:00,-0.145988333
2/7/2023 13:00,-2.966605278
2/7/2023 14:00,-4.5329275
2/7/2023 15:00,-1.028339722
2/7/2023 16:00,0.036561667
2/7/2023 17:00,-0.012806667
2/7/2023 18:00,-0.016923611
2/7/2023 19:00,-0.016975
2/7/2023 20:00,-0.017043056
2/7/2023 21:00,-0.259439444
2/7/2023 22:00,-0.017065833
2/7/2023 23:00,-0.017064167
2/8/2023 0:00,-0.017101944
2/8/2023 1:00,-0.017165833
2/8/2023 2:00,-0.017228333
2/8/2023 3:00,-0.017274167
2/8/2023 4:00,-0.017219167
2/8/2023 5:00,-4.558787222
2/8/2023 6:00,-5.099024444
2/8/2023 7:00,-2.574433333
2/8/2023 8:00,-0.103257778
2/8/2023 9:00,0.007228333
2/8/2023 10:00,-0.090677778
2/8/2023 11:00,0.012652222
2/8/2023 12:00,-0.434609722
2/8/2023 13:00,-0.089241111
2/8/2023 14:00,-0.016428889
2/8/2023 15:00,0.058936944
2/8/2023 16:00,0.029406389
2/8/2023 17:00,-0.014194722
2/8/2023 18:00,-0.016994444
2/8/2023 19:00,-0.017108056
2/8/2023 20:00,-0.017145556
2/8/2023 21:00,-0.017120278
2/8/2023 22:00,-0.017191944
2/8/2023 23:00,-0.017237778
2/9/2023 0:00,-0.017205833
2/9/2023 1:00,-0.017295278
2/9/2023 2:00,-0.017315
2/9/2023 3:00,-0.017326389
2/9/2023 4:00,-0.017300833
2/9/2023 5:00,-1.4891125
2/9/2023 6:00,-5.426901111
2/9/2023 7:00,-2.930435556
2/9/2023 8:00,-0.103795833
2/9/2023 9:00,-0.008098333
2/9/2023 10:00,-0.010888333
2/9/2023 11:00,-0.030139722
2/9/2023 12:00,-0.143606111
2/9/2023 13:00,-4.650493611
2/9/2023 14:00,-6.565332222
2/9/2023 15:00,-4.474531111
2/9/2023 16:00,0.030637222
2/9/2023 17:00,-0.054864167
2/9/2023 18:00,-0.016769722
2/9/2023 19:00,-0.076686944
2/9/2023 20:00,-0.016979722
2/9/2023 21:00,-0.067543056
2/9/2023 22:00,-0.016986389
2/9/2023 23:00,-0.072193889
2/10/2023 0:00,-0.017064167
2/10/2023 1:00,-0.074378889
2/10/2023 2:00,-0.01713
2/10/2023 3:00,-0.061413056
2/10/2023 4:00,-0.056811944
2/10/2023 5:00,-3.716621944
2/10/2023 6:00,-4.958492222
2/10/2023 7:00,-3.316865
2/10/2023 8:00,-0.159880278
2/10/2023 9:00,-0.000340833
2/10/2023 10:00,-0.039967778
2/10/2023 11:00,0.020505278
2/10/2023 12:00,-0.018975833
2/10/2023 13:00,-0.051761389
2/10/2023 14:00,0.0226
2/10/2023 15:00,0.061716944
2/10/2023 16:00,0.065409722
2/10/2023 17:00,-0.002588611
2/10/2023 18:00,-0.016886389
2/10/2023 19:00,-0.016983611
2/10/2023 20:00,-0.017010833
2/10/2023 21:00,-0.016950833
2/10/2023 22:00,-0.016967222
2/10/2023 23:00,-0.017009167
2/11/2023 0:00,-0.016999444
2/11/2023 1:00,-0.017051389
2/11/2023 2:00,-0.017109167
2/11/2023 3:00,-0.017046667
2/11/2023 4:00,-0.017138056
2/11/2023 5:00,-0.017104722
2/11/2023 6:00,-0.017065833
2/11/2023 7:00,0.039543889
2/11/2023 8:00,0.131792778
2/11/2023 9:00,0.020268611
2/11/2023 10:00,0.025031944
2/11/2023 11:00,-0.010848056
2/11/2023 12:00,0.072735
2/11/2023 13:00,0.616930278
2/11/2023 14:00,0.554329167
2/11/2023 15:00,0.244119444
2/11/2023 16:00,0.044375278
2/11/2023 17:00,0.013534444
2/11/2023 18:00,-0.017022222
2/11/2023 19:00,-0.017161111
2/11/2023 20:00,-0.0171475
2/11/2023 21:00,-0.017173056
2/11/2023 22:00,-0.017225833
2/11/2023 23:00,-0.017281944
2/12/2023 0:00,-0.017330833
2/12/2023 1:00,-0.017405278
2/12/2023 2:00,-0.01742
2/12/2023 3:00,-0.017453333
2/12/2023 4:00,-0.017491667
2/12/2023 5:00,-0.017458611
2/12/2023 6:00,-0.017394167
2/12/2023 7:00,0.045203889
2/12/2023 8:00,0.116054167
2/12/2023 9:00,0.76915
2/12/2023 10:00,1.4297725
2/12/2023 11:00,1.963398611
2/12/2023 12:00,2.066582222
2/12/2023 13:00,1.877435556
2/12/2023 14:00,1.019118889
2/12/2023 15:00,0.108905556
2/12/2023 16:00,0.030796111
2/12/2023 17:00,-0.012474444
2/12/2023 18:00,-0.0170125
2/12/2023 19:00,-0.017076944
2/12/2023 20:00,-0.017143333
2/12/2023 21:00,-0.017173889
2/12/2023 22:00,-0.017224167
2/12/2023 23:00,-0.017316667
2/13/2023 0:00,-0.017307222
2/13/2023 1:00,-0.017430278
2/13/2023 2:00,-0.017419167
2/13/2023 3:00,-0.017456944
2/13/2023 4:00,-0.017426389
2/13/2023 5:00,-0.417361944
2/13/2023 6:00,-2.581664444
2/13/2023 7:00,-4.159986944
2/13/2023 8:00,-0.774413889
2/13/2023 9:00,-0.092273056
2/13/2023 10:00,-0.148432778
2/13/2023 11:00,-2.378292778
2/13/2023 12:00,-3.8462
2/13/2023 13:00,-3.370635833
2/13/2023 14:00,-7.449773889
2/13/2023 15:00,-1.301286111
2/13/2023 16:00,-1.363303611
2/13/2023 17:00,-1.383778611
2/13/2023 18:00,-1.515245278
2/13/2023 19:00,-1.418350556
2/13/2023 20:00,-1.419815
2/13/2023 21:00,-1.417216389
2/13/2023 22:00,-2.060037222
2/13/2023 23:00,-0.971370556
2/14/2023 0:00,-1.484590278
2/14/2023 1:00,-0.445875
2/14/2023 2:00,-0.018164167
2/14/2023 3:00,-0.018154167
2/14/2023 4:00,-0.058684722
2/14/2023 5:00,-4.66099
2/14/2023 6:00,-4.800107778
2/14/2023 7:00,-3.425761667
2/14/2023 8:00,-1.384753056
2/14/2023 9:00,-0.302359444
2/14/2023 10:00,-3.457381944
2/14/2023 11:00,-3.242860833
2/14/2023 12:00,-6.359262222
2/14/2023 13:00,-6.485892222
2/14/2023 14:00,-6.529778889
2/14/2023 15:00,-4.065504167
2/14/2023 16:00,-0.4987475
2/14/2023 17:00,-0.005708056
2/14/2023 18:00,-0.018379167
2/14/2023 19:00,-0.0184425
2/14/2023 20:00,-0.018460278
2/14/2023 21:00,-0.018479444
2/14/2023 22:00,-0.262915278
2/14/2023 23:00,-0.018574722
2/15/2023 0:00,-0.086272222
2/15/2023 1:00,-0.018792222
2/15/2023 2:00,-0.018611389
2/15/2023 3:00,-0.018704444
2/15/2023 4:00,-0.018654722
2/15/2023 5:00,-4.604155278
2/15/2023 6:00,-4.743973333
2/15/2023 7:00,-3.274406111
2/15/2023 8:00,-1.468671944
2/15/2023 9:00,-0.440568611
2/15/2023 10:00,0.011931111
2/15/2023 11:00,-0.019640556
2/15/2023 12:00,-0.016686111
2/15/2023 13:00,0.033356111
2/15/2023 14:00,0.125859167
2/15/2023 15:00,-0.020409444
2/15/2023 16:00,-0.039307778
2/15/2023 17:00,-0.012321111
2/15/2023 18:00,-0.018118611
2/15/2023 19:00,-0.018236111
2/15/2023 20:00,-0.018426944
2/15/2023 21:00,-0.018484444
2/15/2023 22:00,-0.018471389
2/15/2023 23:00,-0.018509167
2/16/2023 0:00,-0.018513889
2/16/2023 1:00,-0.018595278
2/16/2023 2:00,-0.018649167
2/16/2023 3:00,-0.018603056
2/16/2023 4:00,-0.018542222
2/16/2023 5:00,-3.571241667
2/16/2023 6:00,-4.894934444
2/16/2023 7:00,-3.106086389
2/16/2023 8:00,-1.316279722
2/16/2023 9:00,-1.070192222
2/16/2023 10:00,-4.259405556
2/16/2023 11:00,-4.103386389
2/16/2023 12:00,-5.027192222
2/16/2023 13:00,-3.907700278
2/16/2023 14:00,-3.257293333
2/16/2023 15:00,-4.562779722
2/16/2023 16:00,0.072920278
2/16/2023 17:00,-0.010358611
2/16/2023 18:00,-0.018493889
2/16/2023 19:00,-0.018639444
2/16/2023 20:00,-0.018555278
2/16/2023 21:00,-0.2616775
2/16/2023 22:00,-0.018408333
2/16/2023 23:00,-0.018494167
2/17/2023 0:00,-0.018526111
2/17/2023 1:00,-0.018589722
2/17/2023 2:00,-0.018673056
2/17/2023 3:00,-0.018695833
2/17/2023 4:00,-0.018659444
2/17/2023 5:00,-4.311554722
2/17/2023 6:00,-4.885450556
2/17/2023 7:00,-3.637080278
2/17/2023 8:00,-1.457472778
2/17/2023 9:00,-0.266885278
2/17/2023 10:00,-0.603758056
2/17/2023 11:00,-3.101513889
2/17/2023 12:00,-0.704304444
2/17/2023 13:00,-4.875025556
2/17/2023 14:00,-4.662765
2/17/2023 15:00,-0.0560275
2/17/2023 16:00,0.089435278
2/17/2023 17:00,-0.857649722
2/17/2023 18:00,-0.58966
2/17/2023 19:00,-0.017978611
2/17/2023 20:00,-0.018097222
2/17/2023 21:00,-0.01815
2/17/2023 22:00,-0.018161111
2/17/2023 23:00,-0.327941944
2/18/2023 0:00,-0.018206944
2/18/2023 1:00,-0.018241111
2/18/2023 2:00,-0.0183625
2/18/2023 3:00,-0.018376111
2/18/2023 4:00,-0.018404167
2/18/2023 5:00,-0.018343333
2/18/2023 6:00,-0.018296944
2/18/2023 7:00,0.027228611
2/18/2023 8:00,0.112050278
2/18/2023 9:00,-0.013412778
2/18/2023 10:00,-0.042607222
2/18/2023 11:00,-0.0552325
2/18/2023 12:00,-0.024235
2/18/2023 13:00,-0.075849444
2/18/2023 14:00,0.187891389
2/18/2023 15:00,0.516541111
2/18/2023 16:00,0.227730556
2/18/2023 17:00,0.020008611
2/18/2023 18:00,-0.0179075
2/18/2023 19:00,-0.018073889
2/18/2023 20:00,-0.018174167
2/18/2023 21:00,-0.018204444
2/18/2023 22:00,-0.018309167
2/18/2023 23:00,-0.018449722
2/19/2023 0:00,-0.018491389
2/19/2023 1:00,-0.018587222
2/19/2023 2:00,-0.018556111
2/19/2023 3:00,-0.018567222
2/19/2023 4:00,-0.018603611
2/19/2023 5:00,-0.018528611
2/19/2023 6:00,-0.018441944
2/19/2023 7:00,0.016201111
2/19/2023 8:00,0.094570278
2/19/2023 9:00,0.961331667
2/19/2023 10:00,1.533906667
2/19/2023 11:00,2.028420833
2/19/2023 12:00,2.114642778
2/19/2023 13:00,1.7281975
2/19/2023 14:00,1.022937222
2/19/2023 15:00,0.306158889
2/19/2023 16:00,0.111725278
2/19/2023 17:00,0.0022575
2/19/2023 18:00,-0.017931667
2/19/2023 19:00,-0.018052778
2/19/2023 20:00,-0.018143056
2/19/2023 21:00,-0.018154722
2/19/2023 22:00,-0.018278611
2/19/2023 23:00,-0.0183875
2/20/2023 0:00,-0.01839
2/20/2023 1:00,-0.018525833
2/20/2023 2:00,-0.018572222
2/20/2023 3:00,-0.018606389
2/20/2023 4:00,-0.018580556
2/20/2023 5:00,-0.018463333
2/20/2023 6:00,-0.018221389
2/20/2023 7:00,0.049781667
2/20/2023 8:00,0.128429167
2/20/2023 9:00,0.940358333
2/20/2023 10:00,1.30088
2/20/2023 11:00,1.626468611
2/20/2023 12:00,1.723603889
2/20/2023 13:00,1.493036111
2/20/2023 14:00,1.043203333
2/20/2023 15:00,0.217765278
2/20/2023 16:00,0.088936389
2/20/2023 17:00,0.000219167
2/20/2023 18:00,-0.018098611
2/20/2023 19:00,-0.018246667
2/20/2023 20:00,-0.01824
2/20/2023 21:00,-0.0181275
2/20/2023 22:00,-0.018196944
2/20/2023 23:00,-0.018335
2/21/2023 0:00,-0.018382778
2/21/2023 1:00,-0.018346389
2/21/2023 2:00,-0.018397778
2/21/2023 3:00,-0.018428056
2/21/2023 4:00,-0.018335556
2/21/2023 5:00,-0.281182222
2/21/2023 6:00,-4.484775833
2/21/2023 7:00,-2.531315278
2/21/2023 8:00,-0.041028333
2/21/2023 9:00,0.031662222
2/21/2023 10:00,-0.049838056
2/21/2023 11:00,-0.0556675
2/21/2023 12:00,-0.107464167
2/21/2023 13:00,-0.109098889
2/21/2023 14:00,-0.129058611
2/21/2023 15:00,-0.766278611
2/21/2023 16:00,0.0594725
2/21/2023 17:00,-0.009044167
2/21/2023 18:00,-0.017006944
2/21/2023 19:00,-0.017416111
2/21/2023 20:00,-0.184496389
2/21/2023 21:00,-0.017411111
2/21/2023 22:00,-0.017174444
2/21/2023 23:00,-0.01719
2/22/2023 0:00,-0.017243611
2/22/2023 1:00,-0.0171825
2/22/2023 2:00,-0.017228889
2/22/2023 3:00,-0.201509167
2/22/2023 4:00,-0.017210833
2/22/2023 5:00,-3.83126
2/22/2023 6:00,-4.859999444
2/22/2023 7:00,-4.518471944
2/22/2023 8:00,-1.573236944
2/22/2023 9:00,-0.813101111
2/22/2023 10:00,-0.027549722
2/22/2023 11:00,-0.024255
2/22/2023 12:00,-0.015446111
2/22/2023 13:00,-2.885409167
2/22/2023 14:00,-4.680277778
2/22/2023 15:00,-6.250013333
2/22/2023 16:00,0.097943889
2/22/2023 17:00,0.030397778
2/22/2023 18:00,-0.018118611
2/22/2023 19:00,-0.018213056
2/22/2023 20:00,-0.212773333
2/22/2023 21:00,-0.018291667
2/22/2023 22:00,-0.018324722
2/22/2023 23:00,-0.018379167
2/23/2023 0:00,-0.0183225
2/23/2023 1:00,-0.018416667
2/23/2023 2:00,-0.018458333
2/23/2023 3:00,-0.052769444
2/23/2023 4:00,-0.524705
2/23/2023 5:00,-4.353971667
2/23/2023 6:00,-4.772383333
2/23/2023 7:00,-3.468528889
2/23/2023 8:00,-0.192705556
2/23/2023 9:00,-0.031665278
2/23/2023 10:00,-4.964202222
2/23/2023 11:00,-5.77917
2/23/2023 12:00,-6.071804444
2/23/2023 13:00,-3.629328889
2/23/2023 14:00,-2.413286111
2/23/2023 15:00,0.0579875
2/23/2023 16:00,0.057343333
2/23/2023 17:00,0.010592778
2/23/2023 18:00,-0.018341111
2/23/2023 19:00,-0.018435278
2/23/2023 20:00,-0.018801944
2/23/2023 21:00,-0.018458611
2/23/2023 22:00,-0.018532222
2/23/2023 23:00,-0.018646111
2/24/2023 0:00,-0.018612222
2/24/2023 1:00,-0.018725278
2/24/2023 2:00,-0.018694167
2/24/2023 3:00,-0.01878
2/24/2023 4:00,-0.018792222
2/24/2023 5:00,-3.705631389
2/24/2023 6:00,-5.702488889
2/24/2023 7:00,-3.7008825
2/24/2023 8:00,-0.246433611
2/24/2023 9:00,0.091344167
2/24/2023 10:00,0.005204444
2/24/2023 11:00,-0.115813611
2/24/2023 12:00,-1.113213611
2/24/2023 13:00,-0.161027778
2/24/2023 14:00,-0.061741111
2/24/2023 15:00,-0.086580278
2/24/2023 16:00,-1.029708611
2/24/2023 17:00,-0.68173
2/24/2023 18:00,-0.018317222
2/24/2023 19:00,-0.018481944
2/24/2023 20:00,-0.018618056
2/24/2023 21:00,-0.018588611
2/24/2023 22:00,-0.018639722
2/24/2023 23:00,-0.018598056
2/25/2023 0:00,-0.258283889
2/25/2023 1:00,-0.018627222
2/25/2023 2:00,-0.018722778
2/25/2023 3:00,-0.018748889
2/25/2023 4:00,-0.018797222
2/25/2023 5:00,-0.01884
2/25/2023 6:00,-0.018774167
2/25/2023 7:00,0.057414722
2/25/2023 8:00,0.128668056
2/25/2023 9:00,0.123353333
2/25/2023 10:00,0.000413056
2/25/2023 11:00,-0.103736389
2/25/2023 12:00,-0.072275556
2/25/2023 13:00,-0.04945
2/25/2023 14:00,0.117217222
2/25/2023 15:00,0.0971325
2/25/2023 16:00,0.110345833
2/25/2023 17:00,0.004263056
2/25/2023 18:00,-0.018339444
2/25/2023 19:00,-0.018408056
2/25/2023 20:00,-0.018504444
2/25/2023 21:00,-0.018465556
2/25/2023 22:00,-0.018620278
2/25/2023 23:00,-0.018716944
2/26/2023 0:00,-0.018674167
2/26/2023 1:00,-0.01873
2/26/2023 2:00,-0.018749444
2/26/2023 3:00,-0.018738333
2/26/2023 4:00,-0.018723056
2/26/2023 5:00,-0.018696111
2/26/2023 6:00,-0.018611111
2/26/2023 7:00,0.000070278
2/26/2023 8:00,0.094076667
2/26/2023 9:00,0.085095278
2/26/2023 10:00,0.017028333
2/26/2023 11:00,0.116815
2/26/2023 12:00,0.131231111
2/26/2023 13:00,0.082490556
2/26/2023 14:00,0.033125833
2/26/2023 15:00,0.029979722
2/26/2023 16:00,0.067618056
2/26/2023 17:00,-0.009791667
2/26/2023 18:00,-0.018184167
2/26/2023 19:00,-0.018277778
2/26/2023 20:00,-0.018415278
2/26/2023 21:00,-0.018526944
2/26/2023 22:00,-0.018609167
2/26/2023 23:00,-0.018669722
2/27/2023 0:00,-0.0187675
2/27/2023 1:00,-0.018861667
2/27/2023 2:00,-0.018876389
2/27/2023 3:00,-0.018872222
2/27/2023 4:00,-0.018780278
2/27/2023 5:00,-0.018618056
2/27/2023 6:00,-0.018384722
2/27/2023 7:00,-0.1520175
2/27/2023 8:00,-0.286499167
2/27/2023 9:00,-0.708101111
2/27/2023 10:00,-6.492906667
2/27/2023 11:00,-6.764725556
2/27/2023 12:00,-3.9979275
2/27/2023 13:00,-5.000755
2/27/2023 14:00,-1.728855556
2/27/2023 15:00,0.0910075
2/27/2023 16:00,0.085828611
2/27/2023 17:00,-0.003731944
2/27/2023 18:00,-0.017940833
2/27/2023 19:00,-0.018046389
2/27/2023 20:00,-0.018163056
2/27/2023 21:00,-0.018122222
2/27/2023 22:00,-0.018266111
2/27/2023 23:00,-0.018384167
2/28/2023 0:00,-0.018335
2/28/2023 1:00,-0.018404167
2/28/2023 2:00,-0.018423889
2/28/2023 3:00,-0.018481111
2/28/2023 4:00,-0.018380556
2/28/2023 5:00,-3.86226
2/28/2023 6:00,-4.853941111
2/28/2023 7:00,-3.776973889
2/28/2023 8:00,-0.671800833
2/28/2023 9:00,0.115930278
2/28/2023 10:00,-4.431091111
2/28/2023 11:00,-6.903158889
2/28/2023 12:00,-6.517517778
2/28/2023 13:00,-2.476535
2/28/2023 14:00,-2.809576389
2/28/2023 15:00,0.087890833
2/28/2023 16:00,0.038149722
2/28/2023 17:00,-0.016793056
2/28/2023 18:00,-0.015634167
2/28/2023 19:00,-0.05563
2/28/2023 20:00,-0.018176111
2/28/2023 21:00,-0.018202778
2/28/2023 22:00,-0.008978611
2/28/2023 23:00,-0.018319167
3/1/2023 0:00,-0.014454444
3/1/2023 1:00,-0.018507778
3/1/2023 2:00,-0.018439722
3/1/2023 3:00,-0.018446111
3/1/2023 4:00,-0.018411944
3/1/2023 5:00,-4.708045
3/1/2023 6:00,-4.784924444
3/1/2023 7:00,-4.002425556
3/1/2023 8:00,-1.443748889
3/1/2023 9:00,0.020231667
3/1/2023 10:00,-1.859690556
3/1/2023 11:00,-1.921947778
3/1/2023 12:00,0.124261944
3/1/2023 13:00,-2.837396111
3/1/2023 14:00,-7.116782222
3/1/2023 15:00,-8.479017778
3/1/2023 16:00,-1.534958611
3/1/2023 17:00,-0.003975278
3/1/2023 18:00,-0.018056667
3/1/2023 19:00,-0.018330278
3/1/2023 20:00,-0.246894167
3/1/2023 21:00,-0.018298333
3/1/2023 22:00,-0.0183775
3/1/2023 23:00,-0.018279722
3/2/2023 0:00,-0.102628056
3/2/2023 1:00,-0.045528889
3/2/2023 2:00,-0.018181944
3/2/2023 3:00,-0.123430833
3/2/2023 4:00,-0.018110833
3/2/2023 5:00,-4.606361667
3/2/2023 6:00,-4.813407778
3/2/2023 7:00,-4.686857778
3/2/2023 8:00,-1.396906389
3/2/2023 9:00,-0.095855833
3/2/2023 10:00,-6.648347778
3/2/2023 11:00,-5.344406667
3/2/2023 12:00,-2.404128056
3/2/2023 13:00,-4.159674722
3/2/2023 14:00,-1.139861667
3/2/2023 15:00,0.044172222
3/2/2023 16:00,0.119818056
3/2/2023 17:00,0.019521389
3/2/2023 18:00,-0.017816111
3/2/2023 19:00,-0.017875833
3/2/2023 20:00,-0.017958889
3/2/2023 21:00,-0.018020833
3/2/2023 22:00,-0.018061389
3/2/2023 23:00,-0.018067778
3/3/2023 0:00,-0.018161111
3/3/2023 1:00,-0.018261389
3/3/2023 2:00,-0.018303056
3/3/2023 3:00,-0.018335833
3/3/2023 4:00,-0.018308889
3/3/2023 5:00,-3.901991389
3/3/2023 6:00,-4.85774
3/3/2023 7:00,-3.587033889
3/3/2023 8:00,-0.098452222
3/3/2023 9:00,0.130989722
3/3/2023 10:00,-1.850418333
3/3/2023 11:00,-0.919756944
3/3/2023 12:00,-0.081277222
3/3/2023 13:00,-0.054388889
3/3/2023 14:00,-0.041448889
3/3/2023 15:00,0.055199444
3/3/2023 16:00,0.096836389
3/3/2023 17:00,0.049408889
3/3/2023 18:00,-0.017845556
3/3/2023 19:00,-0.017994167
3/3/2023 20:00,-0.018096667
3/3/2023 21:00,-0.018068056
3/3/2023 22:00,-0.018126667
3/3/2023 23:00,-0.018195278
3/4/2023 0:00,-0.018163889
3/4/2023 1:00,-0.018238611
3/4/2023 2:00,-0.018311667
3/4/2023 3:00,-0.018331667
3/4/2023 4:00,-0.018333611
3/4/2023 5:00,-0.018252778
3/4/2023 6:00,-0.010680833
3/4/2023 7:00,0.058315556
3/4/2023 8:00,0.095359444
3/4/2023 9:00,-0.012931667
3/4/2023 10:00,-0.047888333
3/4/2023 11:00,0.0222
3/4/2023 12:00,1.488779722
3/4/2023 13:00,2.071596111
3/4/2023 14:00,1.044604722
3/4/2023 15:00,0.240715833
3/4/2023 16:00,0.073950556
3/4/2023 17:00,0.008270556
3/4/2023 18:00,-0.016823333
3/4/2023 19:00,-0.016956667
3/4/2023 20:00,-0.017024722
3/4/2023 21:00,-0.017010556
3/4/2023 22:00,-0.017059167
3/4/2023 23:00,-0.017133056
3/5/2023 0:00,-0.017104722
3/5/2023 1:00,-0.017162778
3/5/2023 2:00,-0.017204722
3/5/2023 3:00,-0.017243889
3/5/2023 4:00,-0.017233056
3/5/2023 5:00,-0.017227778
3/5/2023 6:00,-0.01713
3/5/2023 7:00,0.063906111
3/5/2023 8:00,0.277220833
3/5/2023 9:00,0.817855833
3/5/2023 10:00,1.522791667
3/5/2023 11:00,2.138453611
3/5/2023 12:00,1.956908889
3/5/2023 13:00,1.592888056
3/5/2023 14:00,1.624306944
3/5/2023 15:00,0.337138056
3/5/2023 16:00,0.114080833
3/5/2023 17:00,0.014852222
3/5/2023 18:00,-0.01676
3/5/2023 19:00,-0.016856389
3/5/2023 20:00,-0.016942222
3/5/2023 21:00,-0.016931944
3/5/2023 22:00,-0.017078611
3/5/2023 23:00,-0.017217778
3/6/2023 0:00,-0.0172525
3/6/2023 1:00,-0.017330556
3/6/2023 2:00,-0.017400278
3/6/2023 3:00,-0.017463333
3/6/2023 4:00,-0.017346389
3/6/2023 5:00,-0.371840556
3/6/2023 6:00,-2.551003056
3/6/2023 7:00,-3.074798889
3/6/2023 8:00,-1.196815
3/6/2023 9:00,-0.2117475
3/6/2023 10:00,-2.223157778
3/6/2023 11:00,-4.347543056
3/6/2023 12:00,-5.348412222
3/6/2023 13:00,-6.240454444
3/6/2023 14:00,-4.4731725
3/6/2023 15:00,-6.515678889
3/6/2023 16:00,-6.559778333
3/6/2023 17:00,-1.003532778
3/6/2023 18:00,-0.01746
3/6/2023 19:00,-0.017735833
3/6/2023 20:00,-0.0175075
3/6/2023 21:00,-0.017446944
3/6/2023 22:00,-0.017509444
3/6/2023 23:00,-0.017561389
3/7/2023 0:00,-0.017563889
3/7/2023 1:00,-0.017666944
3/7/2023 2:00,-0.017694167
3/7/2023 3:00,-0.017733611
3/7/2023 4:00,-0.01771
3/7/2023 5:00,-4.318888333
3/7/2023 6:00,-4.956823889
3/7/2023 7:00,-2.682788333
3/7/2023 8:00,-0.068986667
3/7/2023 9:00,-0.067461111
3/7/2023 10:00,-0.045258333
3/7/2023 11:00,-0.155575278
3/7/2023 12:00,-0.140948611
3/7/2023 13:00,-0.220957778
3/7/2023 14:00,-3.681123889
3/7/2023 15:00,-7.412063889
3/7/2023 16:00,-2.739779722
3/7/2023 17:00,0.002846111
3/7/2023 18:00,-0.017566389
3/7/2023 19:00,-0.264158056
3/7/2023 20:00,-0.017633056
3/7/2023 21:00,-0.017651944
3/7/2023 22:00,-0.017775556
3/7/2023 23:00,-0.017540278
3/8/2023 0:00,-0.017338611
3/8/2023 1:00,-0.017411111
3/8/2023 2:00,-0.017411944
3/8/2023 3:00,-0.017371389
3/8/2023 4:00,-0.195174722
3/8/2023 5:00,-4.495333333
3/8/2023 6:00,-4.827376667
3/8/2023 7:00,-3.881955556
3/8/2023 8:00,-0.327795
3/8/2023 9:00,-0.029016111
3/8/2023 10:00,-0.138326944
3/8/2023 11:00,-0.841788056
3/8/2023 12:00,-6.717503333
3/8/2023 13:00,-4.888883333
3/8/2023 14:00,-0.880793611
3/8/2023 15:00,-5.150787778
3/8/2023 16:00,-0.710839722
3/8/2023 17:00,0.009501111
3/8/2023 18:00,-0.186723889
3/8/2023 19:00,-0.087961111
3/8/2023 20:00,-0.017569167
3/8/2023 21:00,-0.0469725
3/8/2023 22:00,-0.112881667
3/8/2023 23:00,-0.017565
3/9/2023 0:00,-0.017539444
3/9/2023 1:00,-0.017604444
3/9/2023 2:00,-0.017617778
3/9/2023 3:00,-0.017586944
3/9/2023 4:00,-0.017548889
3/9/2023 5:00,-4.113615
3/9/2023 6:00,-4.797951111
3/9/2023 7:00,-2.803794722
3/9/2023 8:00,0.1451975
3/9/2023 9:00,0.348374722
3/9/2023 10:00,0.314216944
3/9/2023 11:00,0.39427
3/9/2023 12:00,-0.814183333
3/9/2023 13:00,-4.75099
3/9/2023 14:00,-2.740729167
3/9/2023 15:00,0.675969444
3/9/2023 16:00,0.175239444
3/9/2023 17:00,0.033510833
3/9/2023 18:00,-0.017291944
3/9/2023 19:00,-0.017525
3/9/2023 20:00,-0.017556111
3/9/2023 21:00,-0.017578333
3/9/2023 22:00,-0.017535
3/9/2023 23:00,-0.017467778
3/10/2023 0:00,-0.0173075
3/10/2023 1:00,-0.017336111
3/10/2023 2:00,-0.017390278
3/10/2023 3:00,-0.017410278
3/10/2023 4:00,-0.017376944
3/10/2023 5:00,-3.486781111
3/10/2023 6:00,-4.867987778
3/10/2023 7:00,-4.001740278
3/10/2023 8:00,-0.379511667
3/10/2023 9:00,0.163146111
3/10/2023 10:00,0.255100833
3/10/2023 11:00,0.359765833
3/10/2023 12:00,-1.918613333
3/10/2023 13:00,-2.912485556
3/10/2023 14:00,0.443091667
3/10/2023 15:00,0.5388275
3/10/2023 16:00,0.279091389
3/10/2023 17:00,0.0790175
3/10/2023 18:00,-0.017188889
3/10/2023 19:00,-0.017376111
3/10/2023 20:00,-0.017405
3/10/2023 21:00,-0.017349444
3/10/2023 22:00,-0.017355833
3/10/2023 23:00,-0.017425278
3/11/2023 0:00,-0.017342222
3/11/2023 1:00,-0.017541389
3/11/2023 2:00,-0.017632222
3/11/2023 3:00,-0.017639444
3/11/2023 4:00,-0.017645
3/11/2023 5:00,-0.017667778
3/11/2023 6:00,-0.007168889
3/11/2023 7:00,0.155035
3/11/2023 8:00,0.509666389
3/11/2023 9:00,0.657555278
3/11/2023 10:00,0.388006944
3/11/2023 11:00,1.125244444
3/11/2023 12:00,1.883990556
3/11/2023 13:00,1.457481944
3/11/2023 14:00,1.350309722
3/11/2023 15:00,0.785378056
3/11/2023 16:00,0.378584167
3/11/2023 17:00,0.029916389
3/11/2023 18:00,-0.017413333
3/11/2023 19:00,-0.017584167
3/11/2023 20:00,-0.017656111
3/11/2023 21:00,-0.017377222
3/11/2023 22:00,-0.017363056
3/11/2023 23:00,-0.017411389
3/12/2023 0:00,-0.0174075
3/12/2023 1:00,-0.017448056
3/12/2023 3:00,-0.01749
3/12/2023 4:00,-0.017435556
3/12/2023 5:00,-0.017430556
3/12/2023 6:00,-0.017480278
3/12/2023 7:00,-0.017430833
3/12/2023 8:00,-0.012716389
3/12/2023 9:00,0.054910833
3/12/2023 10:00,0.734452222
3/12/2023 11:00,0.581714167
3/12/2023 12:00,0.778496111
3/12/2023 13:00,0.788173611
3/12/2023 14:00,0.669904167
3/12/2023 15:00,1.028735833
3/12/2023 16:00,0.620962222
3/12/2023 17:00,0.276486667
3/12/2023 18:00,0.118759167
3/12/2023 19:00,-0.013903333
3/12/2023 20:00,-0.017226944
3/12/2023 21:00,-0.017328889
3/12/2023 22:00,-0.017421111
3/12/2023 23:00,-0.017452222
3/13/2023 0:00,-0.017505833
3/13/2023 1:00,-0.017573056
3/13/2023 2:00,-0.017493889
3/13/2023 3:00,-0.017570278
3/13/2023 4:00,-0.017558611
3/13/2023 5:00,-5.71419
3/13/2023 6:00,-5.574145556
3/13/2023 7:00,-0.627049722
3/13/2023 8:00,-1.216328889
3/13/2023 9:00,-0.715609722
3/13/2023 10:00,-3.936183611
3/13/2023 11:00,-6.418861111
3/13/2023 12:00,-5.039818889
3/13/2023 13:00,-6.384282222
3/13/2023 14:00,-4.006356111
3/13/2023 15:00,-0.000796667
3/13/2023 16:00,0.554998889
3/13/2023 17:00,0.261316944
3/13/2023 18:00,0.003459167
3/13/2023 19:00,-0.018172222
3/13/2023 20:00,-0.018275833
3/13/2023 21:00,-0.018304722
3/13/2023 22:00,-0.018244722
3/13/2023 23:00,-0.018296389
3/14/2023 0:00,-0.018328056
3/14/2023 1:00,-0.018413889
3/14/2023 2:00,-0.018471389
3/14/2023 3:00,-0.018586111
3/14/2023 4:00,-0.018549444
3/14/2023 5:00,-4.748103333
3/14/2023 6:00,-4.836971111
3/14/2023 7:00,-2.728969722
3/14/2023 8:00,-0.050685278
3/14/2023 9:00,0.398715
3/14/2023 10:00,-3.443031389
3/14/2023 11:00,-4.832215556
3/14/2023 12:00,-3.076546389
3/14/2023 13:00,-0.4538675
3/14/2023 14:00,1.743103333
3/14/2023 15:00,-2.394106111
3/14/2023 16:00,-2.680808889
3/14/2023 17:00,0.097861944
3/14/2023 18:00,0.005302778
3/14/2023 19:00,-0.018431944
3/14/2023 20:00,-0.018467222
3/14/2023 21:00,-0.018485833
3/14/2023 22:00,-0.018564722
3/14/2023 23:00,-0.018571111
3/15/2023 0:00,-0.0185625
3/15/2023 1:00,-0.018648889
3/15/2023 2:00,-0.0186675
3/15/2023 3:00,-0.018721667
3/15/2023 4:00,-0.018738333
3/15/2023 5:00,-2.764454722
3/15/2023 6:00,-4.752392778
3/15/2023 7:00,-4.639154444
3/15/2023 8:00,-1.474303611
3/15/2023 9:00,0.645035
3/15/2023 10:00,-1.692345833
3/15/2023 11:00,-5.203935556
3/15/2023 12:00,-2.9461125
3/15/2023 13:00,-2.605993611
3/15/2023 14:00,-3.009218889
3/15/2023 15:00,-5.819740556
3/15/2023 16:00,0.137310278
3/15/2023 17:00,0.1025675
3/15/2023 18:00,0.027601944
3/15/2023 19:00,-0.018226389
3/15/2023 20:00,-0.018306389
3/15/2023 21:00,-0.018407222
3/15/2023 22:00,-0.018529167
3/15/2023 23:00,-0.018597778
3/16/2023 0:00,-0.018685278
3/16/2023 1:00,-0.018760278
3/16/2023 2:00,-0.018802778
3/16/2023 3:00,-0.018825
3/16/2023 4:00,-0.018809722
3/16/2023 5:00,-4.405618333
3/16/2023 6:00,-4.758233889
3/16/2023 7:00,-2.955431667
3/16/2023 8:00,-0.054156389
3/16/2023 9:00,0.845303889
3/16/2023 10:00,1.826571667
3/16/2023 11:00,-1.273390556
3/16/2023 12:00,-3.981427778
3/16/2023 13:00,-2.761359722
3/16/2023 14:00,-4.78814
3/16/2023 15:00,-0.622964444
3/16/2023 16:00,0.369445
3/16/2023 17:00,0.082993333
3/16/2023 18:00,0.022885278
3/16/2023 19:00,-0.018279444
3/16/2023 20:00,-0.018350278
3/16/2023 21:00,-0.018437778
3/16/2023 22:00,-0.018598611
3/16/2023 23:00,-0.018633056
3/17/2023 0:00,-0.018700278
3/17/2023 1:00,-0.018802222
3/17/2023 2:00,-0.018868056
3/17/2023 3:00,-0.018909444
3/17/2023 4:00,-0.018844444
3/17/2023 5:00,-0.018746667
3/17/2023 6:00,-0.018527778
3/17/2023 7:00,0.001847222
3/17/2023 8:00,0.140875278
3/17/2023 9:00,0.837665556
3/17/2023 10:00,1.805037222
3/17/2023 11:00,2.160665
3/17/2023 12:00,2.313040278
3/17/2023 13:00,2.243701111
3/17/2023 14:00,-0.646544444
3/17/2023 15:00,0.484075278
3/17/2023 16:00,0.587561944
3/17/2023 17:00,0.196298056
3/17/2023 18:00,0.069499167
3/17/2023 19:00,-0.016449167
3/17/2023 20:00,-0.018386389
3/17/2023 21:00,-0.018421944
3/17/2023 22:00,-0.018481944
3/17/2023 23:00,-0.018463333
3/18/2023 0:00,-0.018459444
3/18/2023 1:00,-0.018563611
3/18/2023 2:00,-0.018636111
3/18/2023 3:00,-0.018684444
3/18/2023 4:00,-0.018678889
3/18/2023 5:00,-0.018654444
3/18/2023 6:00,-0.0185875
3/18/2023 7:00,0.004522222
3/18/2023 8:00,0.227211111
3/18/2023 9:00,0.794543056
3/18/2023 10:00,1.453921111
3/18/2023 11:00,1.308026389
3/18/2023 12:00,0.993858056
3/18/2023 13:00,0.840805278
3/18/2023 14:00,0.980424167
3/18/2023 15:00,0.771233056
3/18/2023 16:00,0.595805556
3/18/2023 17:00,0.234318056
3/18/2023 18:00,0.030326389
3/18/2023 19:00,-0.018350556
3/18/2023 20:00,-0.018363333
3/18/2023 21:00,-0.018405833
3/18/2023 22:00,-0.018468056
3/18/2023 23:00,-0.018496667
3/19/2023 0:00,-0.018639722
3/19/2023 1:00,-0.018758056
3/19/2023 2:00,-0.018717222
3/19/2023 3:00,-0.018654722
3/19/2023 4:00,-0.018636667
3/19/2023 5:00,-0.018569722
3/19/2023 6:00,-0.018521389
3/19/2023 7:00,-0.011765
3/19/2023 8:00,0.153708889
3/19/2023 9:00,0.391753889
3/19/2023 10:00,0.6562025
3/19/2023 11:00,0.487176944
3/19/2023 12:00,0.536425278
3/19/2023 13:00,1.784385833
3/19/2023 14:00,1.396141944
3/19/2023 15:00,0.886722778
3/19/2023 16:00,0.442724722
3/19/2023 17:00,0.303656111
3/19/2023 18:00,0.08513
3/19/2023 19:00,-0.018140556
3/19/2023 20:00,-0.018162778
3/19/2023 21:00,-0.018379167
3/19/2023 22:00,-0.018521389
3/19/2023 23:00,-0.018598889
3/20/2023 0:00,-0.018615833
3/20/2023 1:00,-0.018724444
3/20/2023 2:00,-0.018743056
3/20/2023 3:00,-0.018697778
3/20/2023 4:00,-0.018717778
3/20/2023 5:00,-4.839567778
3/20/2023 6:00,-6.703426667
3/20/2023 7:00,-2.234691111
3/20/2023 8:00,-1.2226675
3/20/2023 9:00,-0.820034167
3/20/2023 10:00,-4.972367778
3/20/2023 11:00,-7.640143889
3/20/2023 12:00,-7.620094444
3/20/2023 13:00,-5.331128889
3/20/2023 14:00,-4.534471944
3/20/2023 15:00,-0.378721944
3/20/2023 16:00,-0.624555278
3/20/2023 17:00,0.242529444
3/20/2023 18:00,0.101271111
3/20/2023 19:00,-0.017823333
3/20/2023 20:00,-0.018353611
3/20/2023 21:00,-0.018432778
3/20/2023 22:00,-0.018498333
3/20/2023 23:00,-0.018456944
3/21/2023 0:00,-0.018460833
3/21/2023 1:00,-0.018531389
3/21/2023 2:00,-0.018556389
3/21/2023 3:00,-0.018525278
3/21/2023 4:00,-0.018561111
3/21/2023 5:00,-4.350489722
3/21/2023 6:00,-4.876481667
3/21/2023 7:00,-3.413260556
3/21/2023 8:00,-1.489153333
3/21/2023 9:00,-1.292903333
3/21/2023 10:00,-0.877501667
3/21/2023 11:00,-0.053180556
3/21/2023 12:00,0.1642675
3/21/2023 13:00,-0.493256944
3/21/2023 14:00,-1.111097778
3/21/2023 15:00,-0.874048333
3/21/2023 16:00,-0.000007778
3/21/2023 17:00,-0.000006944
3/21/2023 18:00,0.000000833
3/21/2023 19:00,-0.000005
3/21/2023 20:00,-0.000015278
3/21/2023 21:00,-0.000016389
3/21/2023 22:00,-0.00001
3/21/2023 23:00,-0.000003889
3/22/2023 0:00,-0.000015833
3/22/2023 1:00,-0.000006111
3/22/2023 2:00,-0.000011389
3/22/2023 3:00,-0.000005833
3/22/2023 4:00,-0.0000025
3/22/2023 5:00,-0.000003889
3/22/2023 6:00,-0.000003056
3/22/2023 7:00,-0.000004444
3/22/2023 8:00,-0.000010278
3/22/2023 9:00,-0.000018889
3/22/2023 10:00,-0.000034444
3/22/2023 11:00,-0.000024167
3/22/2023 12:00,-0.000021389
3/22/2023 13:00,-0.000046389
3/22/2023 14:00,-0.000105278
3/22/2023 15:00,0.327749444
3/22/2023 16:00,0.485164167
3/22/2023 17:00,0.254761667
3/22/2023 18:00,0.052651389
3/22/2023 19:00,-0.012053056
3/22/2023 20:00,-0.016538611
3/22/2023 21:00,-0.016639722
3/22/2023 22:00,-0.016693056
3/22/2023 23:00,-0.016648333
3/23/2023 0:00,-0.016680556
3/23/2023 1:00,-0.016543889
3/23/2023 2:00,-0.016523611
3/23/2023 3:00,-0.016561944
3/23/2023 4:00,-0.016555833
3/23/2023 5:00,-0.016458056
3/23/2023 6:00,-0.016666389
3/23/2023 7:00,-2.368563056
3/23/2023 8:00,-4.901417778
3/23/2023 9:00,-6.369202778
3/23/2023 10:00,-6.877803889
3/23/2023 11:00,-5.734788889
3/23/2023 12:00,2.160883333
3/23/2023 13:00,2.551887222
3/23/2023 14:00,2.427404722
3/23/2023 15:00,1.565539722
3/23/2023 16:00,0.637493889
3/23/2023 17:00,0.245825833
3/23/2023 18:00,0.069719444
3/23/2023 19:00,-0.01652
3/23/2023 20:00,-0.016567222
3/23/2023 21:00,-0.016617778
3/23/2023 22:00,-0.016671111
3/23/2023 23:00,-0.016687778
3/24/2023 0:00,-0.016694722
3/24/2023 1:00,-0.016735833
3/24/2023 2:00,-0.016713333
3/24/2023 3:00,-0.016674167
3/24/2023 4:00,-0.016643056
3/24/2023 5:00,-4.252175833
3/24/2023 6:00,-5.608996111
3/24/2023 7:00,-2.8550275
3/24/2023 8:00,-1.288475556
3/24/2023 9:00,-0.344204444
3/24/2023 10:00,0.536545833
3/24/2023 11:00,0.7986175
3/24/2023 12:00,-6.545135556
3/24/2023 13:00,-6.453516667
3/24/2023 14:00,0.712854722
3/24/2023 15:00,0.482365
3/24/2023 16:00,0.553330278
3/24/2023 17:00,0.072216667
3/24/2023 18:00,0.022589722
3/24/2023 19:00,-0.018258333
3/24/2023 20:00,-0.018283333
3/24/2023 21:00,-0.018349444
3/24/2023 22:00,-0.018393056
3/24/2023 23:00,-0.018363333
3/25/2023 0:00,-0.0183175
3/25/2023 1:00,-0.018373611
3/25/2023 2:00,-0.0184475
3/25/2023 3:00,-0.018477778
3/25/2023 4:00,-0.018511944
3/25/2023 5:00,-0.018434444
3/25/2023 6:00,-0.018375556
3/25/2023 7:00,0.018196667
3/25/2023 8:00,0.283855556
3/25/2023 9:00,1.112722222
3/25/2023 10:00,1.956284722
3/25/2023 11:00,2.335278056
3/25/2023 12:00,2.555642778
3/25/2023 13:00,2.586468611
3/25/2023 14:00,2.424154444
3/25/2023 15:00,1.906390556
3/25/2023 16:00,0.643406944
3/25/2023 17:00,0.081594444
3/25/2023 18:00,0.029561667
3/25/2023 19:00,-0.017988889
3/25/2023 20:00,-0.018386389
3/25/2023 21:00,-0.018405
3/25/2023 22:00,-0.01844
3/25/2023 23:00,-0.0184625
3/26/2023 0:00,-0.018480556
3/26/2023 1:00,-0.018551111
3/26/2023 2:00,-0.018591667
3/26/2023 3:00,-0.018614167
3/26/2023 4:00,-0.018609444
3/26/2023 5:00,-0.018563056
3/26/2023 6:00,-0.018531111
3/26/2023 7:00,0.018794167
3/26/2023 8:00,0.301246389
3/26/2023 9:00,1.165330278
3/26/2023 10:00,1.989503056
3/26/2023 11:00,2.391836389
3/26/2023 12:00,2.577513333
3/26/2023 13:00,2.607684722
3/26/2023 14:00,2.446322222
3/26/2023 15:00,1.932963056
3/26/2023 16:00,0.644422778
3/26/2023 17:00,0.065528889
3/26/2023 18:00,0.024569444
3/26/2023 19:00,-0.0168025
3/26/2023 20:00,-0.017231389
3/26/2023 21:00,-0.017345278
3/26/2023 22:00,-0.017476111
3/26/2023 23:00,-0.017498889
3/27/2023 0:00,-0.017445833
3/27/2023 1:00,-0.017528056
3/27/2023 2:00,-0.017581111
3/27/2023 3:00,-0.0175925
3/27/2023 4:00,-0.017530833
3/27/2023 5:00,-4.720807778
3/27/2023 6:00,-4.770225556
3/27/2023 7:00,-3.218459722
3/27/2023 8:00,0.073266389
3/27/2023 9:00,1.217255556
3/27/2023 10:00,-1.944736944
3/27/2023 11:00,-2.100351389
3/27/2023 12:00,-2.410798611
3/27/2023 13:00,-1.785323611
3/27/2023 14:00,1.032245278
3/27/2023 15:00,1.8707875
3/27/2023 16:00,0.654267222
3/27/2023 17:00,0.125673611
3/27/2023 18:00,0.049649444
3/27/2023 19:00,-0.017308056
3/27/2023 20:00,-0.017386944
3/27/2023 21:00,-0.017459722
3/27/2023 22:00,-0.017498056
3/27/2023 23:00,-0.017450278
3/28/2023 0:00,-0.017448611
3/28/2023 1:00,-0.017448611
3/28/2023 2:00,-0.017452778
3/28/2023 3:00,-0.017472778
3/28/2023 4:00,-0.017419722
3/28/2023 5:00,-4.233280278
3/28/2023 6:00,-4.855037778
3/28/2023 7:00,-3.263448056
3/28/2023 8:00,0.066819444
3/28/2023 9:00,0.608674444
3/28/2023 10:00,-2.769605833
3/28/2023 11:00,-4.027338889
3/28/2023 12:00,-0.565055
3/28/2023 13:00,-0.375077778
3/28/2023 14:00,-3.416476389
3/28/2023 15:00,0.196536667
3/28/2023 16:00,0.531891944
3/28/2023 17:00,0.431866111
3/28/2023 18:00,0.185664722
3/28/2023 19:00,-0.012847778
3/28/2023 20:00,-0.017130278
3/28/2023 21:00,-0.017155833
3/28/2023 22:00,-0.017294722
3/28/2023 23:00,-0.017317778
3/29/2023 0:00,-0.017275556
3/29/2023 1:00,-0.017322222
3/29/2023 2:00,-0.017362778
3/29/2023 3:00,-0.017388611
3/29/2023 4:00,-0.017340833
3/29/2023 5:00,-3.676170833
3/29/2023 6:00,-4.890905556
3/29/2023 7:00,-3.585298333
3/29/2023 8:00,-0.212074722
3/29/2023 9:00,0.500735833
3/29/2023 10:00,-3.279807778
3/29/2023 11:00,-2.532930556
3/29/2023 12:00,-2.842613333
3/29/2023 13:00,-2.288214722
3/29/2023 14:00,-2.073959722
3/29/2023 15:00,1.048494722
3/29/2023 16:00,0.623670278
3/29/2023 17:00,0.239793333
3/29/2023 18:00,0.015714722
3/29/2023 19:00,-0.017202222
3/29/2023 20:00,-0.017113889
3/29/2023 21:00,-0.017193889
3/29/2023 22:00,-0.017331667
3/29/2023 23:00,-0.017259722
3/30/2023 0:00,-0.017228333
3/30/2023 1:00,-0.017255833
3/30/2023 2:00,-0.0172675
3/30/2023 3:00,-0.017238611
3/30/2023 4:00,-0.017155278
3/30/2023 5:00,-3.704858056
3/30/2023 6:00,-4.775629444
3/30/2023 7:00,-3.075365833
3/30/2023 8:00,0.163724167
3/30/2023 9:00,0.786064722
3/30/2023 10:00,1.162868056
3/30/2023 11:00,1.707607778
3/30/2023 12:00,1.288619722
3/30/2023 13:00,1.471234722
3/30/2023 14:00,-0.316737222
3/30/2023 15:00,0.214101944
3/30/2023 16:00,0.780490833
3/30/2023 17:00,0.089125833
3/30/2023 18:00,0.025491389
3/30/2023 19:00,-0.017559444
3/30/2023 20:00,-0.018154722
3/30/2023 21:00,-0.018204167
3/30/2023 22:00,-0.018244444
3/30/2023 23:00,-0.018281111
3/31/2023 0:00,-0.018265833
3/31/2023 1:00,-0.018308611
3/31/2023 2:00,-0.0183675
3/31/2023 3:00,-0.018319722
3/31/2023 4:00,-0.018313333
3/31/2023 5:00,-0.018223611
3/31/2023 6:00,-0.018127778
3/31/2023 7:00,-4.915446667
3/31/2023 8:00,-5.930784444
3/31/2023 9:00,-4.756966667
3/31/2023 10:00,-4.129913889
3/31/2023 11:00,0.002304167
3/31/2023 12:00,0.445238889
3/31/2023 13:00,-2.289651111
3/31/2023 14:00,-5.062254444
3/31/2023 15:00,-2.161186667
3/31/2023 16:00,0.475437778
3/31/2023 17:00,0.211249444
3/31/2023 18:00,0.052993056
3/31/2023 19:00,-0.016614722
3/31/2023 20:00,-0.017774444
3/31/2023 21:00,-0.017828056
3/31/2023 22:00,-0.0178875
3/31/2023 23:00,-0.0179225
